{"k=10": {"Recall@1": 0.13442, "Recall@3": 0.19915, "Recall@5": 0.23898, "Recall@10": 0.29659, "Recall@20": 0.38905, "Recall@50": 0.48791, "Recall@100": 0.54552, "Recall@1000": 0.72333}}