{"k=10": {"Recall@1": 0.86574, "Recall@3": 0.89815, "Recall@5": 0.90895, "Recall@10": 0.91975, "Recall@20": 0.93056, "Recall@50": 0.94599, "Recall@100": 0.95216, "Recall@1000": 0.97531}}