{"k=10": {"Recall@1": 0.99244, "Recall@3": 0.9977, "Recall@5": 0.99838, "Recall@10": 0.99865, "Recall@20": 0.99892, "Recall@50": 0.99919, "Recall@100": 0.99932, "Recall@1000": 0.99959}}