{"k=10": {"Recall@1": 0.67442, "Recall@3": 0.74419, "Recall@5": 0.74419, "Recall@10": 0.74419, "Recall@20": 0.76744, "Recall@50": 0.81395, "Recall@100": 0.83721, "Recall@1000": 0.86047}}