{"k=10": {"Recall@1": 0.95365, "Recall@3": 0.96466, "Recall@5": 0.96698, "Recall@10": 0.9748, "Recall@20": 0.97972, "Recall@50": 0.98581, "Recall@100": 0.98928, "Recall@1000": 0.99739}}