{"k=10": {"Recall@1": 0.16074, "Recall@3": 0.2404, "Recall@5": 0.28023, "Recall@10": 0.35846, "Recall@20": 0.46942, "Recall@50": 0.5697, "Recall@100": 0.63656, "Recall@1000": 0.80797}}