{"k=10": {"Recall@1": 0.90895, "Recall@3": 0.93827, "Recall@5": 0.94136, "Recall@10": 0.94599, "Recall@20": 0.9537, "Recall@50": 0.95679, "Recall@100": 0.96142, "Recall@1000": 0.98148}}