{"k=10": {"Recall@1": 0.97434, "Recall@3": 0.98731, "Recall@5": 0.98947, "Recall@10": 0.99176, "Recall@20": 0.99298, "Recall@50": 0.99473, "Recall@100": 0.99595, "Recall@1000": 0.99838}}