{"k=10": {"Recall@1": 0.90698, "Recall@3": 0.90698, "Recall@5": 0.95349, "Recall@10": 0.95349, "Recall@20": 0.97674, "Recall@50": 0.97674, "Recall@100": 1.0, "Recall@1000": 1.0}}