{"k=10": {"Recall@1": 0.82966, "Recall@3": 0.85603, "Recall@5": 0.8708, "Recall@10": 0.89397, "Recall@20": 0.91049, "Recall@50": 0.92758, "Recall@100": 0.93801, "Recall@1000": 0.97277}}